timestamp,traffic
2019-12-05 18:59:00,72
2019-12-05 19:00:00,136
2019-12-05 19:01:00,254
2019-12-05 19:02:00,282
2019-12-05 19:03:00,286
2019-12-05 19:04:00,228
2019-12-05 19:05:00,340
2019-12-05 19:06:00,348
2019-12-05 19:07:00,310
2019-12-05 19:08:00,292
2019-12-05 19:09:00,246
2019-12-05 19:10:00,250
2019-12-05 19:11:00,324
2019-12-05 19:12:00,284
2019-12-05 19:13:00,274
2019-12-05 19:14:00,248
2019-12-05 19:15:00,318
2019-12-05 19:16:00,214
2019-12-05 19:17:00,284
2019-12-05 19:18:00,216
2019-12-05 19:19:00,262
2019-12-05 19:20:00,294
2019-12-05 19:21:00,250
2019-12-05 19:22:00,338
2019-12-05 19:23:00,336
2019-12-05 19:24:00,244
2019-12-05 19:25:00,250
2019-12-05 19:26:00,208
2019-12-05 19:27:00,224
2019-12-05 19:28:00,252
2019-12-05 19:29:00,284
2019-12-05 19:30:00,342
2019-12-05 19:31:00,208
2019-12-05 19:32:00,256
2019-12-05 19:33:00,186
2019-12-05 19:34:00,254
2019-12-05 19:35:00,214
2019-12-05 19:36:00,208
2019-12-05 19:37:00,330
2019-12-05 19:38:00,254
2019-12-05 19:39:00,268
2019-12-05 19:40:00,258
2019-12-05 19:41:00,350
2019-12-05 19:42:00,226
2019-12-05 19:43:00,228
2019-12-05 19:44:00,238
2019-12-05 19:45:00,210
2019-12-05 19:46:00,302
2019-12-05 19:47:00,238
2019-12-05 19:48:00,268
2019-12-05 19:49:00,236
2019-12-05 19:50:00,356
2019-12-05 19:51:00,294
2019-12-05 19:52:00,262
2019-12-05 19:53:00,268
2019-12-05 19:54:00,262
2019-12-05 19:55:00,298
2019-12-05 19:56:00,396
2019-12-05 19:57:00,276
2019-12-05 19:58:00,224
2019-12-05 19:59:00,270
2019-12-05 20:00:00,254
2019-12-05 20:01:00,286
2019-12-05 20:02:00,184
2019-12-05 20:03:00,304
2019-12-05 20:04:00,226
2019-12-05 20:05:00,256
2019-12-05 20:06:00,210
2019-12-05 20:07:00,360
2019-12-05 20:08:00,250
2019-12-05 20:09:00,310
2019-12-05 20:10:00,246
2019-12-05 20:11:00,300
2019-12-05 20:12:00,258
2019-12-05 20:13:00,278
2019-12-05 20:14:00,228
2019-12-05 20:15:00,194
2019-12-05 20:16:00,254
2019-12-05 20:17:00,212
2019-12-05 20:18:00,230
2019-12-05 20:19:00,376
2019-12-05 20:20:00,298
2019-12-05 20:21:00,244
2019-12-05 20:22:00,272
2019-12-05 20:23:00,294
2019-12-05 20:24:00,194
2019-12-05 20:25:00,264
2019-12-05 20:26:00,250
2019-12-05 20:27:00,240
2019-12-05 20:28:00,326
2019-12-05 20:29:00,290
2019-12-05 20:30:00,214
2019-12-05 20:31:00,234
2019-12-05 20:32:00,314
2019-12-05 20:33:00,298
2019-12-05 20:34:00,324
2019-12-05 20:35:00,274
2019-12-05 20:36:00,276
2019-12-05 20:37:00,234
2019-12-05 20:38:00,218
2019-12-05 20:39:00,222
2019-12-05 20:40:00,228
2019-12-05 20:41:00,158
2019-12-05 20:42:00,220
2019-12-05 20:43:00,374
2019-12-05 20:44:00,334
2019-12-05 20:45:00,232
2019-12-05 20:46:00,162
2019-12-05 20:47:00,260
2019-12-05 20:48:00,266
2019-12-05 20:49:00,200
2019-12-05 20:50:00,264
2019-12-05 20:51:00,290
2019-12-05 20:52:00,256
2019-12-05 20:53:00,204
2019-12-05 20:54:00,196
2019-12-05 20:55:00,226
2019-12-05 20:56:00,232
2019-12-05 20:57:00,258
2019-12-05 20:58:00,268
2019-12-05 20:59:00,256
2019-12-05 21:00:00,316
2019-12-05 21:01:00,298
2019-12-05 21:02:00,280
2019-12-05 21:03:00,268
2019-12-05 21:04:00,380
2019-12-05 21:05:00,268
2019-12-05 21:06:00,250
2019-12-05 21:07:00,268
2019-12-05 21:08:00,192
2019-12-05 21:09:00,230
2019-12-05 21:10:00,312
2019-12-05 21:11:00,336
2019-12-05 21:12:00,216
2019-12-05 21:13:00,280
2019-12-05 21:14:00,216
2019-12-05 21:15:00,212
2019-12-05 21:16:00,284
2019-12-05 21:17:00,358
2019-12-05 21:18:00,344
2019-12-05 21:19:00,304
2019-12-05 21:20:00,256
2019-12-05 21:21:00,246
2019-12-05 21:22:00,284
2019-12-05 21:23:00,380
2019-12-05 21:24:00,304
2019-12-05 21:25:00,316
2019-12-05 21:26:00,298
2019-12-05 21:27:00,198
2019-12-05 21:28:00,254
2019-12-05 21:29:00,204
2019-12-05 21:30:00,264
2019-12-05 21:31:00,274
2019-12-05 21:32:00,218
2019-12-05 21:33:00,278
2019-12-05 21:34:00,280
2019-12-05 21:35:00,278
2019-12-05 21:36:00,232
2019-12-05 21:37:00,314
2019-12-05 21:38:00,222
2019-12-05 21:39:00,282
2019-12-05 21:40:00,286
2019-12-05 21:41:00,204
2019-12-05 21:42:00,230
2019-12-05 21:43:00,216
2019-12-05 21:44:00,186
2019-12-05 21:45:00,210
2019-12-05 21:46:00,290
2019-12-05 21:47:00,302
2019-12-05 21:48:00,228
2019-12-05 21:49:00,226
2019-12-05 21:50:00,204
2019-12-05 21:51:00,278
2019-12-05 21:52:00,248
2019-12-05 21:53:00,304
2019-12-05 21:54:00,232
2019-12-05 21:55:00,180
2019-12-05 21:56:00,190
2019-12-05 21:57:00,248
2019-12-05 21:58:00,266
2019-12-05 21:59:00,226
2019-12-05 22:00:00,214
2019-12-05 22:01:00,280
2019-12-05 22:02:00,206
2019-12-05 22:03:00,228
2019-12-05 22:04:00,300
2019-12-05 22:05:00,252
2019-12-05 22:06:00,314
2019-12-05 22:07:00,304
2019-12-05 22:08:00,308
2019-12-05 22:09:00,226
2019-12-05 22:10:00,218
2019-12-05 22:11:00,310
2019-12-05 22:12:00,226
2019-12-05 22:13:00,274
2019-12-05 22:14:00,276
2019-12-05 22:15:00,264
2019-12-05 22:16:00,266
2019-12-05 22:17:00,236
2019-12-05 22:18:00,310
2019-12-05 22:19:00,300
2019-12-05 22:20:00,338
2019-12-05 22:21:00,308
2019-12-05 22:22:00,276
2019-12-05 22:23:00,300
2019-12-05 22:24:00,218
2019-12-05 22:25:00,254
2019-12-05 22:26:00,204
2019-12-05 22:27:00,350
2019-12-05 22:28:00,230
2019-12-05 22:29:00,212
2019-12-05 22:30:00,324
2019-12-05 22:31:00,160
2019-12-05 22:32:00,206
2019-12-05 22:33:00,238
2019-12-05 22:34:00,266
2019-12-05 22:35:00,246
2019-12-05 22:36:00,194
2019-12-05 22:37:00,228
2019-12-05 22:38:00,222
2019-12-05 22:39:00,298
2019-12-05 22:40:00,312
2019-12-05 22:41:00,312
2019-12-05 22:42:00,294
2019-12-05 22:43:00,218
2019-12-05 22:44:00,244
2019-12-05 22:45:00,352
2019-12-05 22:46:00,280
2019-12-05 22:47:00,310
2019-12-05 22:48:00,330
2019-12-05 22:49:00,374
2019-12-05 22:50:00,242
2019-12-05 22:51:00,250
2019-12-05 22:52:00,244
2019-12-05 22:53:00,198
2019-12-05 22:54:00,272
2019-12-05 22:55:00,302
2019-12-05 22:56:00,266
2019-12-05 22:57:00,214
2019-12-05 22:58:00,280
2019-12-05 22:59:00,222
2019-12-05 23:00:00,272
2019-12-05 23:01:00,154
2019-12-05 23:02:00,234
2019-12-05 23:03:00,330
2019-12-05 23:04:00,350
2019-12-05 23:05:00,280
2019-12-05 23:06:00,300
2019-12-05 23:07:00,344
2019-12-05 23:08:00,196
2019-12-05 23:09:00,284
2019-12-05 23:10:00,194
2019-12-05 23:11:00,254
2019-12-05 23:12:00,292
2019-12-05 23:13:00,252
2019-12-05 23:14:00,220
2019-12-05 23:15:00,222
2019-12-05 23:16:00,310
2019-12-05 23:17:00,306
2019-12-05 23:18:00,330
2019-12-05 23:19:00,282
2019-12-05 23:20:00,298
2019-12-05 23:21:00,326
2019-12-05 23:22:00,278
2019-12-05 23:23:00,288
2019-12-05 23:24:00,286
2019-12-05 23:25:00,342
2019-12-05 23:26:00,304
2019-12-05 23:27:00,222
2019-12-05 23:28:00,260
2019-12-05 23:29:00,244
2019-12-05 23:30:00,226
2019-12-05 23:31:00,212
2019-12-05 23:32:00,270
2019-12-05 23:33:00,296
2019-12-05 23:34:00,276
2019-12-05 23:35:00,240
2019-12-05 23:36:00,314
2019-12-05 23:37:00,256
2019-12-05 23:38:00,282
2019-12-05 23:39:00,224
2019-12-05 23:40:00,250
2019-12-05 23:41:00,214
2019-12-05 23:42:00,252
2019-12-05 23:43:00,184
2019-12-05 23:44:00,246
2019-12-05 23:45:00,268
2019-12-05 23:46:00,252
2019-12-05 23:47:00,194
2019-12-05 23:48:00,246
2019-12-05 23:49:00,250
2019-12-05 23:50:00,276
2019-12-05 23:51:00,246
2019-12-05 23:52:00,288
2019-12-05 23:53:00,220
2019-12-05 23:54:00,326
2019-12-05 23:55:00,272
2019-12-05 23:56:00,304
2019-12-05 23:57:00,206
2019-12-05 23:58:00,250
2019-12-05 23:59:00,278
2019-12-06 00:00:00,324
2019-12-06 00:01:00,238
2019-12-06 00:02:00,248
2019-12-06 00:03:00,198
2019-12-06 00:04:00,280
2019-12-06 00:05:00,198
2019-12-06 00:06:00,306
2019-12-06 00:07:00,260
2019-12-06 00:08:00,236
2019-12-06 00:09:00,280
2019-12-06 00:10:00,252
2019-12-06 00:11:00,314
2019-12-06 00:12:00,264
2019-12-06 00:13:00,270
2019-12-06 00:14:00,216
2019-12-06 00:15:00,348
2019-12-06 00:16:00,238
2019-12-06 00:17:00,250
2019-12-06 00:18:00,248
2019-12-06 00:19:00,240
2019-12-06 00:20:00,306
2019-12-06 00:21:00,360
2019-12-06 00:22:00,378
2019-12-06 00:23:00,284
2019-12-06 00:24:00,270
2019-12-06 00:25:00,256
2019-12-06 00:26:00,250
2019-12-06 00:27:00,242
2019-12-06 00:28:00,184
2019-12-06 00:29:00,242
2019-12-06 00:30:00,342
2019-12-06 00:31:00,280
2019-12-06 00:32:00,232
2019-12-06 00:33:00,262
2019-12-06 00:34:00,212
2019-12-06 00:35:00,214
2019-12-06 00:36:00,210
2019-12-06 00:37:00,280
2019-12-06 00:38:00,358
2019-12-06 00:39:00,256
2019-12-06 00:40:00,254
2019-12-06 00:41:00,310
2019-12-06 00:42:00,228
2019-12-06 00:43:00,312
2019-12-06 00:44:00,316
2019-12-06 00:45:00,260
2019-12-06 00:46:00,254
2019-12-06 00:47:00,292
2019-12-06 00:48:00,280
2019-12-06 00:49:00,272
2019-12-06 00:50:00,266
2019-12-06 00:51:00,314
2019-12-06 00:52:00,320
2019-12-06 00:53:00,172
2019-12-06 00:54:00,176
2019-12-06 00:55:00,280
2019-12-06 00:56:00,240
2019-12-06 00:57:00,324
2019-12-06 00:58:00,378
2019-12-06 00:59:00,172
2019-12-06 01:00:00,294
2019-12-06 01:01:00,192
2019-12-06 01:02:00,282
2019-12-06 01:03:00,254
2019-12-06 01:04:00,290
2019-12-06 01:05:00,210
2019-12-06 01:06:00,276
2019-12-06 01:07:00,314
2019-12-06 01:08:00,330
2019-12-06 01:09:00,338
2019-12-06 01:10:00,180
2019-12-06 01:11:00,274
2019-12-06 01:12:00,374
2019-12-06 01:13:00,212
2019-12-06 01:14:00,306
2019-12-06 01:15:00,298
2019-12-06 01:16:00,284
2019-12-06 01:17:00,270
2019-12-06 01:18:00,248
2019-12-06 01:19:00,158
2019-12-06 01:20:00,284
2019-12-06 01:21:00,190
2019-12-06 01:22:00,280
2019-12-06 01:23:00,236
2019-12-06 01:24:00,260
2019-12-06 01:25:00,238
2019-12-06 01:26:00,240
2019-12-06 01:27:00,274
2019-12-06 01:28:00,278
2019-12-06 01:29:00,300
2019-12-06 01:30:00,326
2019-12-06 01:31:00,248
2019-12-06 01:32:00,236
2019-12-06 01:33:00,298
2019-12-06 01:34:00,214
2019-12-06 01:35:00,282
2019-12-06 01:36:00,234
2019-12-06 01:37:00,228
2019-12-06 01:38:00,224
2019-12-06 01:39:00,204
2019-12-06 01:40:00,312
2019-12-06 01:41:00,276
2019-12-06 01:42:00,300
2019-12-06 01:43:00,252
2019-12-06 01:44:00,292
2019-12-06 01:45:00,240
2019-12-06 01:46:00,280
2019-12-06 01:47:00,226
2019-12-06 01:48:00,214
2019-12-06 01:49:00,236
2019-12-06 01:50:00,188
2019-12-06 01:51:00,222
2019-12-06 01:52:00,232
2019-12-06 01:53:00,194
2019-12-06 01:54:00,268
2019-12-06 01:55:00,332
2019-12-06 01:56:00,294
2019-12-06 01:57:00,268
2019-12-06 01:58:00,298
2019-12-06 01:59:00,296
2019-12-06 02:00:00,256
2019-12-06 02:01:00,208
2019-12-06 02:02:00,256
2019-12-06 02:03:00,268
2019-12-06 02:04:00,254
2019-12-06 02:05:00,290
2019-12-06 02:06:00,240
2019-12-06 02:07:00,244
2019-12-06 02:08:00,278
2019-12-06 02:09:00,300
2019-12-06 02:10:00,304
2019-12-06 02:11:00,248
2019-12-06 02:12:00,246
2019-12-06 02:13:00,280
2019-12-06 02:14:00,390
2019-12-06 02:15:00,326
2019-12-06 02:16:00,242
2019-12-06 02:17:00,162
2019-12-06 02:18:00,318
2019-12-06 02:19:00,332
2019-12-06 02:20:00,316
2019-12-06 02:21:00,360
2019-12-06 02:22:00,288
2019-12-06 02:23:00,260
2019-12-06 02:24:00,248
2019-12-06 02:25:00,252
2019-12-06 02:26:00,364
2019-12-06 02:27:00,282
2019-12-06 02:28:00,262
2019-12-06 02:29:00,270
2019-12-06 02:30:00,270
2019-12-06 02:31:00,268
2019-12-06 02:32:00,388
2019-12-06 02:33:00,182
2019-12-06 02:34:00,210
2019-12-06 02:35:00,288
2019-12-06 02:36:00,260
2019-12-06 02:37:00,304
2019-12-06 02:38:00,232
2019-12-06 02:39:00,184
2019-12-06 02:40:00,182
2019-12-06 02:41:00,230
2019-12-06 02:42:00,260
2019-12-06 02:43:00,282
2019-12-06 02:44:00,256
2019-12-06 02:45:00,264
2019-12-06 02:46:00,346
2019-12-06 02:47:00,240
2019-12-06 02:48:00,240
2019-12-06 02:49:00,220
2019-12-06 02:50:00,196
2019-12-06 02:51:00,226
2019-12-06 02:52:00,210
2019-12-06 02:53:00,266
2019-12-06 02:54:00,302
2019-12-06 02:55:00,256
2019-12-06 02:56:00,226
2019-12-06 02:57:00,298
2019-12-06 02:58:00,220
2019-12-06 02:59:00,222
2019-12-06 03:00:00,256
2019-12-06 03:01:00,274
2019-12-06 03:02:00,342
2019-12-06 03:03:00,180
2019-12-06 03:04:00,262
2019-12-06 03:05:00,272
2019-12-06 03:06:00,352
2019-12-06 03:07:00,356
2019-12-06 03:08:00,292
2019-12-06 03:09:00,240
2019-12-06 03:10:00,240
2019-12-06 03:11:00,268
2019-12-06 03:12:00,310
2019-12-06 03:13:00,220
2019-12-06 03:14:00,266
2019-12-06 03:15:00,292
2019-12-06 03:16:00,252
2019-12-06 03:17:00,266
2019-12-06 03:18:00,236
2019-12-06 03:19:00,180
2019-12-06 03:20:00,304
2019-12-06 03:21:00,240
2019-12-06 03:22:00,324
2019-12-06 03:23:00,260
2019-12-06 03:24:00,278
2019-12-06 03:25:00,336
2019-12-06 03:26:00,412
2019-12-06 03:27:00,258
2019-12-06 03:28:00,376
2019-12-06 03:29:00,324
2019-12-06 03:30:00,350
2019-12-06 03:31:00,326
2019-12-06 03:32:00,250
2019-12-06 03:33:00,304
2019-12-06 03:34:00,260
2019-12-06 03:35:00,332
2019-12-06 03:36:00,272
2019-12-06 03:37:00,268
2019-12-06 03:38:00,314
2019-12-06 03:39:00,216
2019-12-06 03:40:00,212
2019-12-06 03:41:00,310
2019-12-06 03:42:00,202
2019-12-06 03:43:00,262
2019-12-06 03:44:00,298
2019-12-06 03:45:00,230
2019-12-06 03:46:00,240
2019-12-06 03:47:00,338
2019-12-06 03:48:00,222
2019-12-06 03:49:00,282
2019-12-06 03:50:00,348
2019-12-06 03:51:00,308
2019-12-06 03:52:00,230
2019-12-06 03:53:00,256
2019-12-06 03:54:00,310
2019-12-06 03:55:00,300
2019-12-06 03:56:00,264
2019-12-06 03:57:00,246
2019-12-06 03:58:00,229
2019-12-06 03:59:00,232
2019-12-06 04:00:00,248
2019-12-06 04:01:00,220
2019-12-06 04:02:00,234
2019-12-06 04:03:00,248
2019-12-06 04:04:00,298
2019-12-06 04:05:00,250
2019-12-06 04:06:00,230
2019-12-06 04:07:00,268
2019-12-06 04:08:00,262
2019-12-06 04:09:00,206
2019-12-06 04:10:00,352
2019-12-06 04:11:00,316
2019-12-06 04:12:00,196
2019-12-06 04:13:00,224
2019-12-06 04:14:00,298
2019-12-06 04:15:00,186
2019-12-06 04:16:00,268
2019-12-06 04:17:00,284
2019-12-06 04:18:00,254
2019-12-06 04:19:00,274
2019-12-06 04:20:00,314
2019-12-06 04:21:00,252
2019-12-06 04:22:00,224
2019-12-06 04:23:00,254
2019-12-06 04:24:00,243
2019-12-06 04:25:00,260
2019-12-06 04:26:00,146
2019-12-06 04:27:00,274
2019-12-06 04:28:00,266
2019-12-06 04:29:00,316
2019-12-06 04:30:00,370
2019-12-06 04:31:00,280
2019-12-06 04:32:00,278
2019-12-06 04:33:00,272
2019-12-06 04:34:00,286
2019-12-06 04:35:00,258
2019-12-06 04:36:00,346
2019-12-06 04:37:00,250
2019-12-06 04:38:00,274
2019-12-06 04:39:00,256
2019-12-06 04:40:00,218
2019-12-06 04:41:00,296
2019-12-06 04:42:00,224
2019-12-06 04:43:00,314
2019-12-06 04:44:00,242
2019-12-06 04:45:00,282
2019-12-06 04:46:00,276
2019-12-06 04:47:00,284
2019-12-06 04:48:00,254
2019-12-06 04:49:00,304
2019-12-06 04:50:00,280
2019-12-06 04:51:00,276
2019-12-06 04:52:00,270
2019-12-06 04:53:00,196
2019-12-06 04:54:00,294
2019-12-06 04:55:00,330
2019-12-06 04:56:00,250
2019-12-06 04:57:00,196
2019-12-06 04:58:00,270
2019-12-06 04:59:00,322
2019-12-06 05:00:00,252
2019-12-06 05:01:00,258
2019-12-06 05:02:00,242
2019-12-06 05:03:00,296
2019-12-06 05:04:00,298
2019-12-06 05:05:00,251
2019-12-06 05:06:00,322
2019-12-06 05:07:00,296
2019-12-06 05:08:00,266
2019-12-06 05:09:00,220
2019-12-06 05:10:00,234
2019-12-06 05:11:00,198
2019-12-06 05:12:00,280
2019-12-06 05:13:00,156
2019-12-06 05:14:00,296
2019-12-06 05:15:00,358
2019-12-06 05:16:00,278
2019-12-06 05:17:00,284
2019-12-06 05:18:00,276
2019-12-06 05:19:00,244
2019-12-06 05:20:00,246
2019-12-06 05:21:00,288
2019-12-06 05:22:00,218
2019-12-06 05:23:00,260
2019-12-06 05:24:00,150
2019-12-06 05:25:00,228
2019-12-06 05:26:00,180
2019-12-06 05:27:00,198
2019-12-06 05:28:00,206
2019-12-06 05:29:00,210
2019-12-06 05:30:00,318
2019-12-06 05:31:00,296
2019-12-06 05:32:00,276
2019-12-06 05:33:00,334
2019-12-06 05:34:00,322
2019-12-06 05:35:00,266
2019-12-06 05:36:00,290
2019-12-06 05:37:00,214
2019-12-06 05:38:00,190
2019-12-06 05:39:00,278
2019-12-06 05:40:00,394
2019-12-06 05:41:00,354
2019-12-06 05:42:00,304
2019-12-06 05:43:00,336
2019-12-06 05:44:00,258
2019-12-06 05:45:00,278
2019-12-06 05:46:00,238
2019-12-06 05:47:00,214
2019-12-06 05:48:00,252
2019-12-06 05:49:00,344
2019-12-06 05:50:00,256
2019-12-06 05:51:00,200
2019-12-06 05:52:00,282
2019-12-06 05:53:00,376
2019-12-06 05:54:00,258
2019-12-06 05:55:00,224
2019-12-06 05:56:00,348
2019-12-06 05:57:00,306
2019-12-06 05:58:00,226
2019-12-06 05:59:00,222
2019-12-06 06:00:00,264
2019-12-06 06:01:00,264
2019-12-06 06:02:00,280
2019-12-06 06:03:00,284
2019-12-06 06:04:00,328
2019-12-06 06:05:00,256
2019-12-06 06:06:00,228
2019-12-06 06:07:00,256
2019-12-06 06:08:00,312
2019-12-06 06:09:00,280
2019-12-06 06:10:00,312
2019-12-06 06:11:00,240
2019-12-06 06:12:00,190
2019-12-06 06:13:00,182
2019-12-06 06:14:00,286
2019-12-06 06:15:00,254
2019-12-06 06:16:00,284
2019-12-06 06:17:00,232
2019-12-06 06:18:00,248
2019-12-06 06:19:00,210
2019-12-06 06:20:00,258
2019-12-06 06:21:00,254
2019-12-06 06:22:00,282
2019-12-06 06:23:00,258
2019-12-06 06:24:00,204
2019-12-06 06:25:00,260
2019-12-06 06:26:00,246
2019-12-06 06:27:00,236
2019-12-06 06:28:00,212
2019-12-06 06:29:00,298
2019-12-06 06:30:00,178
2019-12-06 06:31:00,298
2019-12-06 06:32:00,313
2019-12-06 06:33:00,318
2019-12-06 06:34:00,262
2019-12-06 06:35:00,346
2019-12-06 06:36:00,250
2019-12-06 06:37:00,226
2019-12-06 06:38:00,250
2019-12-06 06:39:00,248
2019-12-06 06:40:00,344
2019-12-06 06:41:00,220
2019-12-06 06:42:00,310
2019-12-06 06:43:00,278
2019-12-06 06:44:00,252
2019-12-06 06:45:00,320
2019-12-06 06:46:00,242
2019-12-06 06:47:00,362
2019-12-06 06:48:00,266
2019-12-06 06:49:00,204
2019-12-06 06:50:00,292
2019-12-06 06:51:00,218
2019-12-06 06:52:00,200
2019-12-06 06:53:00,290
2019-12-06 06:54:00,294
2019-12-06 06:55:00,250
2019-12-06 06:56:00,316
2019-12-06 06:57:00,328
2019-12-06 06:58:00,244
2019-12-06 06:59:00,282
2019-12-06 07:00:00,270
2019-12-06 07:01:00,170
2019-12-06 07:02:00,206
2019-12-06 07:03:00,276
2019-12-06 07:04:00,254
2019-12-06 07:05:00,316
2019-12-06 07:06:00,194
2019-12-06 07:07:00,268
2019-12-06 07:08:00,242
2019-12-06 07:09:00,228
2019-12-06 07:10:00,216
2019-12-06 07:11:00,370
2019-12-06 07:12:00,372
2019-12-06 07:13:00,284
2019-12-06 07:14:00,308
2019-12-06 07:15:00,270
2019-12-06 07:16:00,196
2019-12-06 07:17:00,240
2019-12-06 07:18:00,292
2019-12-06 07:19:00,244
2019-12-06 07:20:00,310
2019-12-06 07:21:00,282
2019-12-06 07:22:00,252
2019-12-06 07:23:00,284
2019-12-06 07:24:00,280
2019-12-06 07:25:00,280
2019-12-06 07:26:00,284
2019-12-06 07:27:00,178
2019-12-06 07:28:00,334
2019-12-06 07:29:00,286
2019-12-06 07:30:00,274
2019-12-06 07:31:00,264
2019-12-06 07:32:00,280
2019-12-06 07:33:00,358
2019-12-06 07:34:00,270
2019-12-06 07:35:00,272
2019-12-06 07:36:00,300
2019-12-06 07:37:00,196
2019-12-06 07:38:00,208
2019-12-06 07:39:00,254
2019-12-06 07:40:00,316
2019-12-06 07:41:00,292
2019-12-06 07:42:00,206
2019-12-06 07:43:00,268
2019-12-06 07:44:00,230
2019-12-06 07:45:00,264
2019-12-06 07:46:00,250
2019-12-06 07:47:00,264
2019-12-06 07:48:00,312
2019-12-06 07:49:00,382
2019-12-06 07:50:00,222
2019-12-06 07:51:00,180
2019-12-06 07:52:00,244
2019-12-06 07:53:00,324
2019-12-06 07:54:00,276
2019-12-06 07:55:00,270
2019-12-06 07:56:00,294
2019-12-06 07:57:00,196
2019-12-06 07:58:00,240
2019-12-06 07:59:00,282
2019-12-06 08:00:00,234
2019-12-06 08:01:00,244
2019-12-06 08:02:00,232
2019-12-06 08:03:00,268
2019-12-06 08:04:00,288
2019-12-06 08:05:00,234
2019-12-06 08:06:00,254
2019-12-06 08:07:00,274
2019-12-06 08:08:00,288
2019-12-06 08:09:00,356
2019-12-06 08:10:00,310
2019-12-06 08:11:00,182
2019-12-06 08:12:00,282
2019-12-06 08:13:00,226
2019-12-06 08:14:00,248
2019-12-06 08:15:00,254
2019-12-06 08:16:00,228
2019-12-06 08:17:00,266
2019-12-06 08:18:00,326
2019-12-06 08:19:00,274
2019-12-06 08:20:00,342
2019-12-06 08:21:00,302
2019-12-06 08:22:00,210
2019-12-06 08:23:00,176
2019-12-06 08:24:00,240
2019-12-06 08:25:00,240
2019-12-06 08:26:00,176
2019-12-06 08:27:00,210
2019-12-06 08:28:00,252
2019-12-06 08:29:00,308
2019-12-06 08:30:00,320
2019-12-06 08:31:00,298
2019-12-06 08:32:00,258
2019-12-06 08:33:00,314
2019-12-06 08:34:00,286
2019-12-06 08:35:00,370
2019-12-06 08:36:00,284
2019-12-06 08:37:00,220
2019-12-06 08:38:00,262
2019-12-06 08:39:00,226
2019-12-06 08:40:00,312
2019-12-06 08:41:00,320
2019-12-06 08:42:00,210
2019-12-06 08:43:00,330
2019-12-06 08:44:00,254
2019-12-06 08:45:00,270
2019-12-06 08:46:00,246
2019-12-06 08:47:00,250
2019-12-06 08:48:00,278
2019-12-06 08:49:00,310
2019-12-06 08:50:00,276
2019-12-06 08:51:00,260
2019-12-06 08:52:00,292
2019-12-06 08:53:00,284
2019-12-06 08:54:00,188
2019-12-06 08:55:00,238
2019-12-06 08:56:00,288
2019-12-06 08:57:00,226
2019-12-06 08:58:00,280
2019-12-06 08:59:00,354
2019-12-06 09:00:00,224
2019-12-06 09:01:00,286
2019-12-06 09:02:00,238
2019-12-06 09:03:00,248
2019-12-06 09:04:00,320
2019-12-06 09:05:00,324
2019-12-06 09:06:00,282
2019-12-06 09:07:00,222
2019-12-06 09:08:00,276
2019-12-06 09:09:00,336
2019-12-06 09:10:00,316
2019-12-06 09:11:00,244
2019-12-06 09:12:00,266
2019-12-06 09:13:00,222
2019-12-06 09:14:00,202
2019-12-06 09:15:00,316
2019-12-06 09:16:00,432
2019-12-06 09:17:00,300
2019-12-06 09:18:00,268
2019-12-06 09:19:00,242
2019-12-06 09:20:00,360
2019-12-06 09:21:00,330
2019-12-06 09:22:00,264
2019-12-06 09:23:00,304
2019-12-06 09:24:00,282
2019-12-06 09:25:00,282
2019-12-06 09:26:00,264
2019-12-06 09:27:00,246
2019-12-06 09:28:00,266
2019-12-06 09:29:00,284
2019-12-06 09:30:00,278
2019-12-06 09:31:00,260
2019-12-06 09:32:00,338
2019-12-06 09:33:00,180
2019-12-06 09:34:00,272
2019-12-06 09:35:00,320
2019-12-06 09:36:00,266
2019-12-06 09:37:00,168
2019-12-06 09:38:00,202
2019-12-06 09:39:00,318
2019-12-06 09:40:00,278
2019-12-06 09:41:00,292
2019-12-06 09:42:00,290
2019-12-06 09:43:00,276
2019-12-06 09:44:00,296
2019-12-06 09:45:00,274
2019-12-06 09:46:00,260
2019-12-06 09:47:00,314
2019-12-06 09:48:00,222
2019-12-06 09:49:00,190
2019-12-06 09:50:00,340
2019-12-06 09:51:00,330
2019-12-06 09:52:00,318
2019-12-06 09:53:00,288
2019-12-06 09:54:00,266
2019-12-06 09:55:00,290
2019-12-06 09:56:00,210
2019-12-06 09:57:00,250
2019-12-06 09:58:00,200
2019-12-06 09:59:00,262
2019-12-06 10:00:00,362
2019-12-06 10:01:00,370
2019-12-06 10:02:00,390
2019-12-06 10:03:00,312
2019-12-06 10:04:00,280
2019-12-06 10:05:00,234
2019-12-06 10:06:00,218
2019-12-06 10:07:00,226
2019-12-06 10:08:00,230
2019-12-06 10:09:00,266
2019-12-06 10:10:00,306
2019-12-06 10:11:00,294
2019-12-06 10:12:00,276
2019-12-06 10:13:00,174
2019-12-06 10:14:00,178
2019-12-06 10:15:00,358
2019-12-06 10:16:00,390
2019-12-06 10:17:00,224
2019-12-06 10:18:00,272
2019-12-06 10:19:00,354
2019-12-06 10:20:00,286
2019-12-06 10:21:00,210
2019-12-06 10:22:00,262
2019-12-06 10:23:00,144
2019-12-06 10:24:00,266
2019-12-06 10:25:00,370
2019-12-06 10:26:00,302
2019-12-06 10:27:00,272
2019-12-06 10:28:00,250
2019-12-06 10:29:00,284
2019-12-06 10:30:00,366
2019-12-06 10:31:00,344
2019-12-06 10:32:00,310
2019-12-06 10:33:00,242
2019-12-06 10:34:00,310
2019-12-06 10:35:00,342
2019-12-06 10:36:00,288
2019-12-06 10:37:00,328
2019-12-06 10:38:00,256
2019-12-06 10:39:00,270
2019-12-06 10:40:00,296
2019-12-06 10:41:00,252
2019-12-06 10:42:00,236
2019-12-06 10:43:00,256
2019-12-06 10:44:00,232
2019-12-06 10:45:00,252
2019-12-06 10:46:00,262
2019-12-06 10:47:00,236
2019-12-06 10:48:00,308
2019-12-06 10:49:00,204
2019-12-06 10:50:00,312
2019-12-06 10:51:00,276
2019-12-06 10:52:00,274
2019-12-06 10:53:00,378
2019-12-06 10:54:00,272
2019-12-06 10:55:00,377
2019-12-06 10:56:00,370
2019-12-06 10:57:00,386
2019-12-06 10:58:00,230
2019-12-06 10:59:00,208
2019-12-06 11:00:00,202
2019-12-06 11:01:00,316
2019-12-06 11:02:00,252
2019-12-06 11:03:00,222
2019-12-06 11:04:00,280
2019-12-06 11:05:00,218
2019-12-06 11:06:00,302
2019-12-06 11:07:00,262
2019-12-06 11:08:00,280
2019-12-06 11:09:00,222
2019-12-06 11:10:00,234
2019-12-06 11:11:00,220
2019-12-06 11:12:00,210
2019-12-06 11:13:00,236
2019-12-06 11:14:00,308
2019-12-06 11:15:00,348
2019-12-06 11:16:00,264
2019-12-06 11:17:00,268
2019-12-06 11:18:00,344
2019-12-06 11:19:00,252
2019-12-06 11:20:00,224
2019-12-06 11:21:00,242
2019-12-06 11:22:00,288
2019-12-06 11:23:00,246
2019-12-06 11:24:00,252
2019-12-06 11:25:00,190
2019-12-06 11:26:00,244
2019-12-06 11:27:00,350
2019-12-06 11:28:00,256
2019-12-06 11:29:00,270
2019-12-06 11:30:00,284
2019-12-06 11:31:00,300
2019-12-06 11:32:00,226
2019-12-06 11:33:00,306
2019-12-06 11:34:00,244
2019-12-06 11:35:00,322
2019-12-06 11:36:00,290
2019-12-06 11:37:00,252
2019-12-06 11:38:00,312
2019-12-06 11:39:00,180
2019-12-06 11:40:00,258
2019-12-06 11:41:00,264
2019-12-06 11:42:00,282
2019-12-06 11:43:00,304
2019-12-06 11:44:00,268
2019-12-06 11:45:00,300
2019-12-06 11:46:00,332
2019-12-06 11:47:00,256
2019-12-06 11:48:00,322
2019-12-06 11:49:00,324
2019-12-06 11:50:00,328
2019-12-06 11:51:00,234
2019-12-06 11:52:00,186
2019-12-06 11:53:00,274
2019-12-06 11:54:00,262
2019-12-06 11:55:00,198
2019-12-06 11:56:00,318
2019-12-06 11:57:00,312
2019-12-06 11:58:00,268
2019-12-06 11:59:00,258
2019-12-06 12:00:00,238
2019-12-06 12:01:00,244
2019-12-06 12:02:00,346
2019-12-06 12:03:00,318
2019-12-06 12:04:00,300
2019-12-06 12:05:00,306
2019-12-06 12:06:00,254
2019-12-06 12:07:00,298
2019-12-06 12:08:00,220
2019-12-06 12:09:00,190
2019-12-06 12:10:00,212
2019-12-06 12:11:00,266
2019-12-06 12:12:00,358
2019-12-06 12:13:00,224
2019-12-06 12:14:00,232
2019-12-06 12:15:00,270
2019-12-06 12:16:00,250
2019-12-06 12:17:00,318
2019-12-06 12:18:00,206
2019-12-06 12:19:00,260
2019-12-06 12:20:00,334
2019-12-06 12:21:00,270
2019-12-06 12:22:00,238
2019-12-06 12:23:00,198
2019-12-06 12:24:00,302
2019-12-06 12:25:00,326
2019-12-06 12:26:00,388
2019-12-06 12:27:00,350
2019-12-06 12:28:00,314
2019-12-06 12:29:00,262
2019-12-06 12:30:00,196
2019-12-06 12:31:00,330
2019-12-06 12:32:00,266
2019-12-06 12:33:00,240
2019-12-06 12:34:00,275
2019-12-06 12:35:00,260
2019-12-06 12:36:00,198
2019-12-06 12:37:00,214
2019-12-06 12:38:00,216
2019-12-06 12:39:00,248
2019-12-06 12:40:00,284
2019-12-06 12:41:00,178
2019-12-06 12:42:00,226
2019-12-06 12:43:00,280
2019-12-06 12:44:00,228
2019-12-06 12:45:00,266
2019-12-06 12:46:00,350
2019-12-06 12:47:00,196
2019-12-06 12:48:00,310
2019-12-06 12:49:00,334
2019-12-06 12:50:00,244
2019-12-06 12:51:00,302
2019-12-06 12:52:00,294
2019-12-06 12:53:00,302
2019-12-06 12:54:00,350
2019-12-06 12:55:00,222
2019-12-06 12:56:00,258
2019-12-06 12:57:00,284
2019-12-06 12:58:00,242
2019-12-06 12:59:00,262
2019-12-06 13:00:00,340
2019-12-06 13:01:00,318
2019-12-06 13:02:00,210
2019-12-06 13:03:00,252
2019-12-06 13:04:00,288
2019-12-06 13:05:00,286
2019-12-06 13:06:00,230
2019-12-06 13:07:00,278
2019-12-06 13:08:00,376
2019-12-06 13:09:00,266
2019-12-06 13:10:00,192
2019-12-06 13:11:00,246
2019-12-06 13:12:00,216
2019-12-06 13:13:00,198
2019-12-06 13:14:00,264
2019-12-06 13:15:00,208
2019-12-06 13:16:00,254
2019-12-06 13:17:00,252
2019-12-06 13:18:00,294
2019-12-06 13:19:00,362
2019-12-06 13:20:00,278
2019-12-06 13:21:00,280
2019-12-06 13:22:00,288
2019-12-06 13:23:00,328
2019-12-06 13:24:00,304
2019-12-06 13:25:00,254
2019-12-06 13:26:00,304
2019-12-06 13:27:00,340
2019-12-06 13:28:00,244
2019-12-06 13:29:00,228
2019-12-06 13:30:00,262
2019-12-06 13:31:00,260
2019-12-06 13:32:00,384
2019-12-06 13:33:00,332
2019-12-06 13:34:00,282
2019-12-06 13:35:00,226
2019-12-06 13:36:00,302
2019-12-06 13:37:00,368
2019-12-06 13:38:00,260
2019-12-06 13:39:00,208
2019-12-06 13:40:00,226
2019-12-06 13:41:00,232
2019-12-06 13:42:00,306
2019-12-06 13:43:00,290
2019-12-06 13:44:00,296
2019-12-06 13:45:00,298
2019-12-06 13:46:00,272
2019-12-06 13:47:00,336
2019-12-06 13:48:00,294
2019-12-06 13:49:00,256
2019-12-06 13:50:00,294
2019-12-06 13:51:00,328
2019-12-06 13:52:00,274
2019-12-06 13:53:00,288
2019-12-06 13:54:00,256
2019-12-06 13:55:00,178
2019-12-06 13:56:00,298
2019-12-06 13:57:00,228
2019-12-06 13:58:00,270
2019-12-06 13:59:00,196
2019-12-06 14:00:00,236
2019-12-06 14:01:00,310
2019-12-06 14:02:00,272
2019-12-06 14:03:00,188
2019-12-06 14:04:00,216
2019-12-06 14:05:00,264
2019-12-06 14:06:00,278
2019-12-06 14:07:00,144
2019-12-06 14:08:00,208
2019-12-06 14:09:00,242
2019-12-06 14:10:00,290
2019-12-06 14:11:00,210
2019-12-06 14:12:00,286
2019-12-06 14:13:00,222
2019-12-06 14:14:00,250
2019-12-06 14:15:00,370
2019-12-06 14:16:00,288
2019-12-06 14:17:00,178
2019-12-06 14:18:00,312
2019-12-06 14:19:00,160
2019-12-06 14:20:00,240
2019-12-06 14:21:00,258
2019-12-06 14:22:00,226
2019-12-06 14:23:00,290
2019-12-06 14:24:00,298
2019-12-06 14:25:00,314
2019-12-06 14:26:00,236
2019-12-06 14:27:00,270
2019-12-06 14:28:00,228
2019-12-06 14:29:00,300
2019-12-06 14:30:00,218
2019-12-06 14:31:00,272
2019-12-06 14:32:00,248
2019-12-06 14:33:00,302
2019-12-06 14:34:00,292
2019-12-06 14:35:00,226
2019-12-06 14:36:00,234
2019-12-06 14:37:00,266
2019-12-06 14:38:00,364
2019-12-06 14:39:00,204
2019-12-06 14:40:00,266
2019-12-06 14:41:00,242
2019-12-06 14:42:00,362
2019-12-06 14:43:00,300
2019-12-06 14:44:00,280
2019-12-06 14:45:00,272
2019-12-06 14:46:00,280
2019-12-06 14:47:00,358
2019-12-06 14:48:00,170
2019-12-06 14:49:00,224
2019-12-06 14:50:00,212
2019-12-06 14:51:00,258
2019-12-06 14:52:00,352
2019-12-06 14:53:00,214
2019-12-06 14:54:00,204
2019-12-06 14:55:00,296
2019-12-06 14:56:00,386
2019-12-06 14:57:00,272
2019-12-06 14:58:00,262
2019-12-06 14:59:00,338
2019-12-06 15:00:00,310
2019-12-06 15:01:00,232
2019-12-06 15:02:00,244
2019-12-06 15:03:00,234
2019-12-06 15:04:00,192
2019-12-06 15:05:00,242
2019-12-06 15:06:00,270
2019-12-06 15:07:00,292
2019-12-06 15:08:00,234
2019-12-06 15:09:00,198
2019-12-06 15:10:00,210
2019-12-06 15:11:00,234
2019-12-06 15:12:00,278
2019-12-06 15:13:00,166
2019-12-06 15:14:00,234
2019-12-06 15:15:00,266
2019-12-06 15:16:00,224
2019-12-06 15:17:00,270
2019-12-06 15:18:00,300
2019-12-06 15:19:00,442
2019-12-06 15:20:00,332
2019-12-06 15:21:00,262
2019-12-06 15:22:00,262
2019-12-06 15:23:00,308
2019-12-06 15:24:00,262
2019-12-06 15:25:00,298
2019-12-06 15:26:00,300
2019-12-06 15:27:00,272
2019-12-06 15:28:00,190
2019-12-06 15:29:00,190
2019-12-06 15:30:00,304
2019-12-06 15:31:00,330
2019-12-06 15:32:00,222
2019-12-06 15:33:00,306
2019-12-06 15:34:00,316
2019-12-06 15:35:00,354
2019-12-06 15:36:00,280
2019-12-06 15:37:00,268
2019-12-06 15:38:00,296
2019-12-06 15:39:00,230
2019-12-06 15:40:00,276
2019-12-06 15:41:00,250
2019-12-06 15:42:00,254
2019-12-06 15:43:00,248
2019-12-06 15:44:00,290
2019-12-06 15:45:00,246
2019-12-06 15:46:00,196
2019-12-06 15:47:00,230
2019-12-06 15:48:00,250
2019-12-06 15:49:00,254
2019-12-06 15:50:00,296
2019-12-06 15:51:00,312
2019-12-06 15:52:00,242
2019-12-06 15:53:00,304
2019-12-06 15:54:00,328
2019-12-06 15:55:00,224
2019-12-06 15:56:00,280
2019-12-06 15:57:00,256
2019-12-06 15:58:00,222
2019-12-06 15:59:00,310
2019-12-06 16:00:00,372
2019-12-06 16:01:00,314
2019-12-06 16:02:00,276
2019-12-06 16:03:00,198
2019-12-06 16:04:00,312
2019-12-06 16:05:00,274
2019-12-06 16:06:00,304
2019-12-06 16:07:00,326
2019-12-06 16:08:00,232
2019-12-06 16:09:00,188
2019-12-06 16:10:00,280
2019-12-06 16:11:00,218
2019-12-06 16:12:00,268
2019-12-06 16:13:00,270
2019-12-06 16:14:00,252
2019-12-06 16:15:00,244
2019-12-06 16:16:00,174
2019-12-06 16:17:00,216
2019-12-06 16:18:00,256
2019-12-06 16:19:00,208
2019-12-06 16:20:00,344
2019-12-06 16:21:00,306
2019-12-06 16:22:00,268
2019-12-06 16:23:00,264
2019-12-06 16:24:00,268
2019-12-06 16:25:00,250
2019-12-06 16:26:00,274
2019-12-06 16:27:00,164
2019-12-06 16:28:00,338
2019-12-06 16:29:00,168
2019-12-06 16:30:00,236
2019-12-06 16:31:00,254
2019-12-06 16:32:00,304
2019-12-06 16:33:00,294
2019-12-06 16:34:00,240
2019-12-06 16:35:00,334
2019-12-06 16:36:00,210
2019-12-06 16:37:00,234
2019-12-06 16:38:00,290
2019-12-06 16:39:00,258
2019-12-06 16:40:00,312
2019-12-06 16:41:00,380
2019-12-06 16:42:00,246
2019-12-06 16:43:00,260
2019-12-06 16:44:00,378
2019-12-06 16:45:00,238
2019-12-06 16:46:00,264
2019-12-06 16:47:00,262
2019-12-06 16:48:00,182
2019-12-06 16:49:00,304
2019-12-06 16:50:00,228
2019-12-06 16:51:00,286
2019-12-06 16:52:00,290
2019-12-06 16:53:00,254
2019-12-06 16:54:00,302
2019-12-06 16:55:00,230
2019-12-06 16:56:00,320
2019-12-06 16:57:00,240
2019-12-06 16:58:00,364
2019-12-06 16:59:00,246
2019-12-06 17:00:00,256
2019-12-06 17:01:00,302
2019-12-06 17:02:00,238
2019-12-06 17:03:00,304
2019-12-06 17:04:00,346
2019-12-06 17:05:00,338
2019-12-06 17:06:00,258
2019-12-06 17:07:00,254
2019-12-06 17:08:00,340
2019-12-06 17:09:00,388
2019-12-06 17:10:00,252
2019-12-06 17:11:00,258
2019-12-06 17:12:00,274
2019-12-06 17:13:00,302
2019-12-06 17:14:00,224
2019-12-06 17:15:00,280
2019-12-06 17:16:00,234
2019-12-06 17:17:00,236
2019-12-06 17:18:00,222
2019-12-06 17:19:00,278
2019-12-06 17:20:00,250
2019-12-06 17:21:00,336
2019-12-06 17:22:00,300
2019-12-06 17:23:00,230
2019-12-06 17:24:00,316
2019-12-06 17:25:00,252
2019-12-06 17:26:00,268
2019-12-06 17:27:00,324
2019-12-06 17:28:00,366
2019-12-06 17:29:00,260
2019-12-06 17:30:00,256
2019-12-06 17:31:00,254
2019-12-06 17:32:00,306
2019-12-06 17:33:00,274
2019-12-06 17:34:00,250
2019-12-06 17:35:00,170
2019-12-06 17:36:00,238
2019-12-06 17:37:00,220
2019-12-06 17:38:00,232
2019-12-06 17:39:00,400
2019-12-06 17:40:00,304
2019-12-06 17:41:00,250
2019-12-06 17:42:00,344
2019-12-06 17:43:00,246
2019-12-06 17:44:00,224
2019-12-06 17:45:00,194
2019-12-06 17:46:00,292
2019-12-06 17:47:00,300
2019-12-06 17:48:00,288
2019-12-06 17:49:00,212
2019-12-06 17:50:00,250
2019-12-06 17:51:00,208
2019-12-06 17:52:00,294
2019-12-06 17:53:00,258
2019-12-06 17:54:00,240
2019-12-06 17:55:00,212
2019-12-06 17:56:00,296
2019-12-06 17:57:00,290
2019-12-06 17:58:00,198
2019-12-06 17:59:00,328
2019-12-06 18:00:00,176
2019-12-06 18:01:00,238
2019-12-06 18:02:00,274
2019-12-06 18:03:00,186
2019-12-06 18:04:00,336
2019-12-06 18:05:00,254
2019-12-06 18:06:00,246
2019-12-06 18:07:00,210
2019-12-06 18:08:00,368
2019-12-06 18:09:00,372
2019-12-06 18:10:00,356
2019-12-06 18:11:00,390
2019-12-06 18:12:00,284
2019-12-06 18:13:00,378
2019-12-06 18:14:00,322
2019-12-06 18:15:00,236
2019-12-06 18:16:00,332
2019-12-06 18:17:00,240
2019-12-06 18:18:00,230
2019-12-06 18:19:00,208
2019-12-06 18:20:00,214
2019-12-06 18:21:00,266
2019-12-06 18:22:00,264
2019-12-06 18:23:00,300
2019-12-06 18:24:00,284
2019-12-06 18:25:00,288
2019-12-06 18:26:00,290
2019-12-06 18:27:00,240
2019-12-06 18:28:00,174
2019-12-06 18:29:00,236
2019-12-06 18:30:00,240
2019-12-06 18:31:00,306
2019-12-06 18:32:00,246
2019-12-06 18:33:00,164
2019-12-06 18:34:00,218
2019-12-06 18:35:00,344
2019-12-06 18:36:00,296
2019-12-06 18:37:00,244
2019-12-06 18:38:00,278
2019-12-06 18:39:00,184
2019-12-06 18:40:00,296
2019-12-06 18:41:00,226
2019-12-06 18:42:00,374
2019-12-06 18:43:00,308
2019-12-06 18:44:00,248
2019-12-06 18:45:00,272
2019-12-06 18:46:00,318
2019-12-06 18:47:00,268
2019-12-06 18:48:00,208
2019-12-06 18:49:00,328
2019-12-06 18:50:00,354
2019-12-06 18:51:00,300
2019-12-06 18:52:00,246
2019-12-06 18:53:00,266
2019-12-06 18:54:00,330
2019-12-06 18:55:00,354
2019-12-06 18:56:00,332
2019-12-06 18:57:00,244
2019-12-06 18:58:00,284
2019-12-06 18:59:00,116
